{
  "pools": [
    {
      "rolls": 1,
      "entries": [
        {
          "type": "minecraft:item",
          "name": "minecraft:golden_hoe",
          "functions": [
            {
              "function": "minecraft:set_count",
              "count": 1
            },
            {
              "function": "minecraft:set_components",
              "components": {
                "minecraft:item_name": "{\"color\":\"gold\",\"italic\":false,\"text\":\"Harvester\\'s Scythe\"}",
                "minecraft:lore": [
                  "{\"color\":\"red\",\"italic\":true,\"text\":\"Sneak while on fully grown crops\"}",
                  "{\"color\":\"red\",\"italic\":true,\"text\":\"to harvest and replant them\"}"
                ],
                "minecraft:max_damage": 649,
                "minecraft:attribute_modifiers": {
                  "modifiers": [
                    {
                      "id": "harvester:scythe_attack",
                      "type": "minecraft:generic.attack_damage",
                      "amount": 6,
                      "operation": "add_value",
                      "slot": "mainhand"
                    },
                    {
                      "id": "harvester:scythe_mining_speed",
                      "type": "minecraft:player.mining_efficiency",
                      "amount": 25,
                      "operation": "add_value",
                      "slot": "mainhand"
                    }
                  ],
                  "show_in_tooltip": true
                },
                "minecraft:custom_data": {
                  "harvester_scythe": true
                }
              }
            }
          ]
        }
      ]
    },
    {
      "rolls": 1,
      "entries": [
        {
          "type": "minecraft:item",
          "name": "minecraft:pumpkin",
          "functions": [
            {
              "function": "minecraft:set_count",
              "count": 1
            }
          ]
        }
      ]
    },
    {
      "rolls": 1,
      "entries": [
        {
          "type": "minecraft:item",
          "name": "minecraft:hay_block",
          "functions": [
            {
              "function": "minecraft:set_count",
              "count": {
                "min": 1,
                "max": 2
              }
            }
          ]
        }
      ]
    },
    {
      "rolls": 1,
      "entries": [
        {
          "type": "minecraft:item",
          "name": "minecraft:wheat",
          "functions": [
            {
              "function": "minecraft:set_count",
              "count": {
                "min": 4,
                "max": 7
              }
            }
          ]
        }
      ]
    }
  ]
}
