{
    "condition": "minecraft:any_of",
    "terms": [
      {
        "condition": "minecraft:entity_properties",
        "entity": "this",
        "predicate": {
          "equipment": {
            "mainhand": {
              "items": [
                "minecraft:recovery_compass"
              ],
              "predicates": {
                "minecraft:custom_data": "{death_note:1b}"
              }
            }
          }
        }
      },
      {
        "condition": "minecraft:entity_properties",
        "entity": "this",
        "predicate": {
          "equipment": {
            "offhand": {
              "items": [
                "minecraft:recovery_compass"
              ],
              "predicates": {
                "minecraft:custom_data": "{death_note:1b}"
              }
            }
          }
        }
      }
    ]
  }
  