{
    "condition": "minecraft:entity_scores",
    "entity": "this",
    "scores": {
      "shinigami_ID": {
        "min": {
          "type": "minecraft:score",
          "target": {
            "type": "minecraft:fixed",
            "name": "#temp"
          },
          "score": "shinigami_ID"
        },
        "max": {
          "type": "minecraft:score",
          "target": {
            "type": "minecraft:fixed",
            "name": "#temp"
          },
          "score": "shinigami_ID"
        }
      }
    }
  }