{
  "condition": "minecraft:any_of",
  "terms": [
    {
      "condition": "minecraft:entity_properties",
      "entity": "this",
      "predicate": {
        "equipment": {
          "mainhand": {
            "items": [
              "minecraft:crossbow"
            ],
            "predicates": {
              "minecraft:custom_data": "{ribbit_reel:1b}"
            }
          }
        }
      }
    },
    {
      "condition": "minecraft:entity_properties",
      "entity": "this",
      "predicate": {
        "equipment": {
          "offhand": {
            "items": [
              "minecraft:crossbow"
            ],
            "predicates": {
              "minecraft:custom_data": "{ribbit_reel:1b}"
            }
          }
        }
      }
    }
  ]
}
