{
    "condition": "minecraft:any_of",
    "terms": [
      {
        "condition": "minecraft:all_of",
        "terms": [
          {
            "condition": "minecraft:entity_properties",
            "entity": "this",
            "predicate": {
              "equipment": {
                "mainhand": {
                  "items": ["minecraft:stone_sword"],
                  
                  "predicates": {
                "minecraft:custom_data": "{void_staff:1b}"
              }
                }
              }}},
          {
            "condition": "minecraft:entity_scores",
            "entity": "this",
            "scores": {
              "mjolnir_shift": {
                "min": 1,
                "max": 100
              }
            }
          }
        ]
      },
      {
        "condition": "minecraft:all_of",
        "terms": [
          {
            "condition": "minecraft:entity_properties",
            "entity": "this",
            "predicate": {
              "equipment": {
                "mainhand": {
                  "items": ["minecraft:bow"],
                  "predicates": {
                "minecraft:custom_data": "{shrink_ray:1b}"
              }
                }
              }}},
          {
            "condition": "minecraft:entity_scores",
            "entity": "this",
            "scores": {
              "mjolnir_shift": {
                "min": 1,
                "max": 100
              }
            }
          }
        ]
      },
      {
        "condition": "minecraft:all_of",
        "terms": [
          {
            "condition": "minecraft:entity_properties",
            "entity": "this",
            "predicate": {
              "equipment": {
                "mainhand": {
                  "items": ["minecraft:stone_sword"],
                  "predicates": {
                "minecraft:custom_data": "{void_staff:2b}"
              }
                }
              }}},
          {
            "condition": "minecraft:entity_scores",
            "entity": "this",
            "scores": {
              "mjolnir_shift": {
                "min": 1,
                "max": 100
              }
            }
          }
        ]
      },
      {
        "condition": "minecraft:all_of",
        "terms": [
          {
            "condition": "minecraft:entity_properties",
            "entity": "this",
            "predicate": {
              "equipment": {
                "mainhand": {
                  "items": ["minecraft:bow"],
                  "predicates": {
                "minecraft:custom_data": "{ender_bow1:1b}"
              }
                }
              }}},
          {
            "condition": "minecraft:entity_scores",
            "entity": "this",
            "scores": {
              "mjolnir_shift": {
                "min": 1,
                "max": 100
              }
            }
          }
        ]
      },{
        "condition": "minecraft:all_of",
        "terms": [
          {
            "condition": "minecraft:entity_properties",
            "entity": "this",
            "predicate": {
              "equipment": {
                "mainhand": {
                  "items": ["minecraft:crossbow"],
                  "predicates": {
                "minecraft:custom_data": "{armadillo_detonator:1b}"
              }
                }
              }}},
          {
            "condition": "minecraft:entity_scores",
            "entity": "this",
            "scores": {
              "mjolnir_shift": {
                "min": 1,
                "max": 100
              }
            }
          }
        ]
      },
      {
        "condition": "minecraft:all_of",
        "terms": [
          {
            "condition": "minecraft:entity_properties",
            "entity": "this",
            "predicate": {
              "equipment": {
                "mainhand": {
                  "items": ["minecraft:bow"],
                  "predicates": {
                "minecraft:custom_data": "{ender_bow1:2b}"
              }
                }
              }}},
          {
            "condition": "minecraft:entity_scores",
            "entity": "this",
            "scores": {
              "mjolnir_shift": {
                "min": 1,
                "max": 100
              }
            }
          }
        ]
      },
      {
        "condition": "minecraft:entity_properties",
        "entity": "this",
        "predicate": {
          "equipment": {
            "mainhand": {
              "items": [
                "minecraft:carved_pumpkin"
              ],
              "predicates": {
                "minecraft:custom_data": "{hoplitecustom_hat:1b}"
              }
            }
          }
        }
      },
      {
        "condition": "minecraft:entity_properties",
        "entity": "this",
        "predicate": {
          "equipment": {
            "mainhand": {
              "items": [
                "minecraft:stone_sword"
              ],
              "predicates": {
                "minecraft:custom_data": "{evoker_wand:1b}"
              }
            }
          }
        }
      },
      {
        "condition": "minecraft:entity_properties",
        "entity": "this",
        "predicate": {
          "equipment": {
            "offhand": {
              "items": [
                "minecraft:carved_pumpkin"
              ],
              "predicates": {
                "minecraft:custom_data": "{hoplitecustom_hat:1b}"
              }
            }
          }
        }
      },
      {
        "condition": "minecraft:all_of",
        "terms": [
          {
            "condition": "minecraft:entity_properties",
            "entity": "this",
            "predicate": {
              "equipment": {
                "mainhand": {
                  "items": ["minecraft:blaze_rod"],
                  "predicates": {
                "minecraft:custom_data": "{ghastly_whistle:1b}"
              }
                }
              }}},
          {
            "condition": "minecraft:entity_properties",
            "entity": "this",
            "predicate": {
              "vehicle": {
                "type": "minecraft:ghast",
                "slots": {"armor.head": {"items": "recovery_compass"}}
              }
            }
          }
        ]
      }
      ]}