{
  "criteria": {
    "requirement": {
      "trigger": "minecraft:player_hurt_entity",
      "conditions": {
        "player": {
          "equipment": {
            "mainhand": {
            "items": [
              "minecraft:warped_fungus_on_a_stick"
            ],
            "predicates": {
            "minecraft:custom_data": "{lich_staff:true}"
          }
          }
          }
        }
      }
    }
  },
  "rewards": {
    "function": "vred:lich_staffv2/hit"
  }
}