{
  "description": "",
  "supported_items": "#vred:enchant",
  "weight": 10,
  "max_level": 1,
  "min_cost": {
    "base": 1,
    "per_level_above_first": 11
  },
  "max_cost": {
    "base": 12,
    "per_level_above_first": 11
  },
  "anvil_cost": 1,
  "slots": [
    "armor"
  ],
  "effects": {
    "minecraft:damage_protection": [
      {
        "effect": {
          "type": "minecraft:set",
          "value": 4
        },
        "requirements": {
          "condition": "minecraft:damage_source_properties",
          "predicate": {
            "tags": [
              {
                "id": "vred:in_wall",
                "expected": true
              }
            ]
          }
        }
      }
    ]
  }
}