{
    "criteria": {
      "requirement": {
        "trigger": "minecraft:player_hurt_entity",
        "conditions": {
          "damage": {
            "blocked": false,
            "type": {
              "tags": [
                {
                  "id": "minecraft:is_projectile",
                  "expected": true
                }
              ],
              "direct_entity": {
                "type": "#minecraft:arrows",
                "nbt": "{Tags:[\"barinade.arrow\"]}"
              }
            }
          }
        }
      }
    },
    "rewards": {
      "function": "desertscourge:items/barinade/arrow/hit"
    }
  }
  