{
  "type": "minecraft:crafting_shaped",
  "category": "equipment",
  "pattern": [
    "  2",
    "13 ",
    "11 "
  ],
  "key": {
    "1": {
      "item": "minecraft:iron_ingot"
    },
    "2": {
      "item": "minecraft:bone"
    },
    "3": {
      "item": "minecraft:nether_star"
    }
  },
  "result": {
    "id": "minecraft:poisonous_potato",
    "components": {
      "minecraft:item_name": "{\"italic\":false,\"text\":\"♪ Soul String\"}",
      "minecraft:max_damage": 2000,
      "minecraft:max_stack_size": 1,
      "minecraft:rarity": "epic",
      "minecraft:custom_model_data": 1,
      "minecraft:custom_data": "{soul_rocker:1b}",
      "minecraft:food": {
        "nutrition": 0,
        "saturation": 0,
        "can_always_eat": true,
        "eat_seconds": 1000000
      },
      "minecraft:lore": [
        "\" \"",
        "[{\"color\":\"#FFC182\",\"italic\":false,\"text\":\"Main Attack\"},{\"color\":\"gray\",\"text\":\": \"},{\"color\":\"#FFF4B0\",\"text\":\"Withering Tune\"}]",
        "[{\"color\":\"#D4FFBF\",\"italic\":false,\"text\":\" ▍ \"},{\"color\":\"red\",\"text\":\"Sacrifice ½ ❤\"}]",
        "[{\"color\":\"#D4FFBF\",\"italic\":false,\"text\":\" ▍ \"},{\"color\":\"#F7E0FF\",\"text\":\"Strum your guitar and send out\"}]",
        "[{\"color\":\"#D4FFBF\",\"italic\":false,\"text\":\" ▍ \"},{\"color\":\"#F7E0FF\",\"text\":\"multiple projectiles which knockback\"}]",
        "[{\"color\":\"#D4FFBF\",\"italic\":false,\"text\":\" ▍ \"},{\"color\":\"#F7E0FF\",\"text\":\"entities and deal damage.\"}]",
        "\" \"",
        "[{\"color\":\"#FFC182\",\"italic\":false,\"text\":\"Special Attack\"},{\"color\":\"gray\",\"text\":\": \"},{\"color\":\"#FFF4B0\",\"text\":\"Amplify\"}]",
        "[{\"color\":\"#D4FFBF\",\"italic\":false,\"text\":\" ▍ \"},{\"color\":\"red\",\"text\":\"Sacrifice one ❤\"}]",
        "[{\"color\":\"#D4FFBF\",\"italic\":false,\"text\":\" ▍ \"},{\"color\":\"#F7E0FF\",\"text\":\"Create a shockwave around yourself\"}]",
        "[{\"color\":\"#D4FFBF\",\"italic\":false,\"text\":\" ▍ \"},{\"color\":\"#F7E0FF\",\"text\":\"to deal damage and knockback enemies.\"}]",
        "\" \"",
        "{\"color\":\"dark_gray\",\"italic\":false,\"text\":\"wither_rework:soul_string\"}"
      ]
    }
  },
  "show_notification": true
}
