{
  "type": "minecraft:crafting_shaped",
  "pattern": [" E ", "ALA", "PPP"],
  "key": {
    "E": {
      "item": "minecraft:ender_eye"
    },
    "A": {
      "item": "minecraft:amethyst_shard"
    },
    "L": {
      "item": "minecraft:lodestone"
    },
    "P": {
      "item": "minecraft:mossy_stone_bricks"
    }
  },
  "result": {
    "id": "minecraft:player_head",
    "components": {
      "minecraft:custom_model_data": 11130036,
      "minecraft:lore": [
        "{\"color\":\"dark_gray\",\"italic\":false,\"fallback\":\"Mossy Waystone\",\"translate\":\"item.pk_waystones.mossy_waystone\"}"
      ],
      "minecraft:item_name": "{\"color\":\"yellow\",\"italic\":false,\"fallback\":\"Mossy Waystone\",\"translate\":\"item.pk_waystones.mossy_waystone\"}",
      "minecraft:custom_data": {
        "pk_data": {
          "custom_block": 1,
          "id": "waystone",
          "from": "waystones",
          "variant": "mossy",
          "version": 11
        }
      },
      "minecraft:profile": {
        "properties": [
          {
            "name": "textures",
            "value": "eyJ0ZXh0dXJlcyI6eyJTS0lOIjp7InVybCI6Imh0dHBzOi8vdGV4dHVyZXMubWluZWNyYWZ0Lm5ldC90ZXh0dXJlL2IxNDRlMjQwMjA3MDE5MDljNGM1N2FjMmJmMjIxZDk4NGM3OWMyZDFiMmE3YWQxZGYzYWNkZDIxN2U3YmQ0NGEifX19"
          }
        ]
      }
    }
  }
}
