{
  "type": "minecraft:crafting_shaped",
  "pattern": [" E ", "ALA", "PPP"],
  "key": {
    "E": {
      "item": "minecraft:ender_eye"
    },
    "A": {
      "item": "minecraft:amethyst_shard"
    },
    "L": {
      "item": "minecraft:lodestone"
    },
    "P": {
      "item": "minecraft:sandstone"
    }
  },
  "result": {
    "id": "minecraft:player_head",
    "components": {
      "minecraft:custom_model_data": 11130033,
      "minecraft:lore": [
        "{\"color\":\"dark_gray\",\"italic\":false,\"fallback\":\"Sand Waystone\",\"translate\":\"item.pk_waystones.sand_waystone\"}"
      ],
      "minecraft:item_name": "{\"color\":\"yellow\",\"italic\":false,\"fallback\":\"Sand Waystone\",\"translate\":\"item.pk_waystones.sand_waystone\"}",
      "minecraft:custom_data": {
        "pk_data": {
          "custom_block": 1,
          "id": "waystone",
          "from": "waystones",
          "variant": "sand",
          "version": 11
        }
      },
      "minecraft:profile": {
        "properties": [
          {
            "name": "textures",
            "value": "eyJ0ZXh0dXJlcyI6eyJTS0lOIjp7InVybCI6Imh0dHA6Ly90ZXh0dXJlcy5taW5lY3JhZnQubmV0L3RleHR1cmUvZjg3Yjc5N2RlMzEyMjkxM2ZhMDYzOGNlY2Q1NmVlYmVlYzY5NDkzMjkwYWMyNjcyNWY5OGI1ZjJhNjY2NmJmMyJ9fX0="
          }
        ]
      }
    }
  }
}
