{
    "criteria": {
      "requirement": {
        "trigger": "minecraft:entity_killed_player",
        "conditions": {
          "player": [
            {
              "condition": "minecraft:entity_scores",
              "entity": "this",
              "scores": {
                "prison_timer": {
                  "min": 1
                }
              }
            }
          ]
        }
      }
    },
    "rewards": {
      "function": "vred:death_note/catch/reset"
    }
  }