{
  "criteria": {
    "requirement": {
      "trigger": "minecraft:player_killed_entity",
      "conditions": {
        "player": [
          {
            "condition": "minecraft:entity_scores",
            "entity": "this",
            "scores": {
              "soul_cooldown": 0
            }
          },
          {
            "condition": "minecraft:any_of",
            "terms": [
              {
                "condition": "minecraft:entity_properties",
                "entity": "this",
                "predicate": {
        "equipment": {
          "mainhand": {
            "items": [
              "minecraft:recovery_compass"
            ],
            "predicates": {
              "minecraft:custom_data": "{soul_gauntlet:1b}"
            }}}}
              },
              {
                "condition": "minecraft:entity_properties",
                "entity": "this",
                "predicate": {
        "equipment": {
          "offhand": {
            "items": [
              "minecraft:recovery_compass"
            ],
            "predicates": {
              "minecraft:custom_data": "{soul_gauntlet:1b}"
            }}}}
              }
            ]
          }
        ]
      }
    }
  },
  "rewards": {
    "function": "vred:soul_gauntlet/kill"
  }
}