{
  "criteria": {
    "requirement": {
      "trigger": "minecraft:player_hurt_entity",
      "conditions": {
        "player": [
          {
            "condition":"entity_properties",
            "entity": "this",
            "predicate": {
            "equipment": {
            "mainhand": {
              "items": [
                "minecraft:stone_sword"
              ],
              "components": {
              "minecraft:custom_data": "{villager_wand:1b}"
            }
            }
          }
          }
          },
            {
              "condition": "entity_scores",
              "entity": "this",
              "scores": {
                "villager_atk": {
                  "min":1
                }
              }
            }
          ]
      }
    }
  },
  "rewards": {
    "function": "vred:villager_wand/hit"
  }
}
