{
  "display": {
    "icon": {
      "id": "minecraft:iron_sword"
    },
    "title": {
      "translate": "adv.the_beast_of_deserts.name",
      "fallback": "The Beast of Deserts"
    },
    "description": {
      "translate": "adv.the_beast_of_deserts.desc",
      "fallback": "Kill the Desert Scourge, the beast of prey of the endless deserts"
    },
    "frame": "challenge",
    "show_toast": true,
    "announce_to_chat": true,
    "hidden": false
  },
  "parent": "desertscourge:the_doom_horn",
  "criteria": {
    "requirement": {
      "trigger": "minecraft:impossible"
    }
  }
}
