{
    "criteria": {
      "requirement": {
        "trigger": "minecraft:using_item",
        "conditions": {
          "item": {
            "components": {
              "minecraft:food": {
                "nutrition": 0,
                "saturation": 0,
                "can_always_eat": true,
                "eat_seconds": 1000000
              },
              "minecraft:custom_data": "{tim:1b}"
            }
          }
        }
      }
    },
    "rewards": {
      "function": "vred:cool_stuff/general"
    }
  }
  