{
    "criteria": {
      "requirement": {
        "trigger": "minecraft:using_item",
        "conditions": {
          "item": {
            "components": {
              "minecraft:food": {
                "nutrition": 0,
                "saturation": 0,
                "can_always_eat": true,
                "eat_seconds": 1000000
              },
              "minecraft:custom_data": "{fountain_of_youth:1b}"
            }
          },
          "player": [
            {
              "condition": "entity_scores",
              "entity": "this",
              "scores": {
                "pufferfish_help": 0
              }
            }
          ]
        }
      }
    },
    "rewards": {
      "function": "vred:fountain_of_youth/raycast/sr"
    }
  }
  