{
  "criteria": {
    "requirement": {
      "trigger": "minecraft:using_item",
      "conditions": {
        "player": [
          {
            "condition": "minecraft:location_check",
            "predicate": {
              "biomes": "minecraft:desert"
            }
          }
        ],
        "item": {
          "items": "minecraft:goat_horn",
          "predicates": {
            "minecraft:custom_data": "{suspicious_horn:1}"
          }
        }
      }
    }
  },
  "rewards": {
    "function": "desertscourge:items/suspicious_horn/use"
  }
}
