{
    "type": "minecraft:crafting_shaped",
    "category": "misc",
    "group": "gems",
    "pattern": [
        "qeq",
        "ege",
        "qeq"
    ],
    "key": {
        "e": {
            "item": "minecraft:obsidian"
        },
        "g": {
            "item": "minecraft:iron_ingot"
        },
        "q": {
            "item": "minecraft:quartz"
        }
    },
    "result": {
        "id": "minecraft:stone_pickaxe",
        "count": 1,
        "components": {
            "minecraft:custom_data": "{gems:{type:\"Cursed Resistance\",id:1,sound:block.enchantment_table.use, pitch:0}}",
            "minecraft:custom_model_data": 930021,
            "minecraft:food": {
                "nutrition": 0,
                "saturation": 0,
                "can_always_eat": true,
                "eat_seconds": 930020
            },
            "!minecraft:tool": {},
            "!minecraft:attribute_modifiers": {},
            "minecraft:damage": 0,
            "minecraft:max_damage": 10,
            "minecraft:custom_name": "[{\"text\":\"Cursed Resistance Gem\",\"italic\":false,\"color\":\"#c9b2e2\"},{\"text\":\" \",\"italic\":false},{\"text\":\"(80s)\",\"italic\":false,\"color\":\"gray\"}]",
            "minecraft:lore": [
                "[{\"text\":\"When active:\",\"italic\":false,\"color\":\"blue\"}]",
                "[{\"text\":\" \",\"italic\":false},{\"text\":\"\u2022 Resistance IV\",\"italic\":false,\"color\":\"#c9b2e2\"}]",
                "[{\"text\":\" \",\"italic\":false},{\"text\":\"\u2022 Weakness II\",\"italic\":false,\"color\":\"#b85656\"}]",
                "[{\"text\":\"Right click\",\"italic\":false,\"color\":\"yellow\"}]"
            ]
        }
    }
}