{
    "type": "minecraft:crafting_shaped",
    "category": "misc",
    "group": "gems",
    "pattern": [
        "qeq",
        "ege",
        "qeq"
    ],
    "key": {
        "e": {
            "item": "minecraft:gold_ingot"
        },
        "g": {
            "item": "minecraft:spider_eye"
        },
        "q": {
            "item": "minecraft:quartz"
        }
    },
    "result": {
        "id": "minecraft:stone_pickaxe",
        "count": 1,
        "components": {
            "minecraft:custom_data": "{gems:{type:\"Poison\",id:4,sound:entity.evoker.cast_spell, pitch:1}}",
            "minecraft:custom_model_data": 930024,
            "minecraft:food": {
                "nutrition": 0,
                "saturation": 0,
                "can_always_eat": true,
                "eat_seconds": 930020
            },
            "!minecraft:tool": {},
            "!minecraft:attribute_modifiers": {},
            "minecraft:damage": 0,
            "minecraft:max_damage": 10,
            "minecraft:custom_name": "[{\"text\":\"Poison Gem\",\"italic\":false,\"color\":\"#8fa353\"},{\"text\":\" \",\"italic\":false},{\"text\":\"(70s)\",\"italic\":false,\"color\":\"gray\"}]",
            "minecraft:lore": [
                "[{\"text\":\"When active:\",\"italic\":false,\"color\":\"blue\"}]",
                "[{\"text\":\" \",\"italic\":false},{\"text\":\"\u2022 Damage nearby entities\",\"italic\":false,\"color\":\"#8fa353\"}]",
                "[{\"text\":\" \",\"italic\":false,\"color\":\"#b85656\"},{\"text\":\"\u2022 No side effect\",\"italic\":false,\"color\":\"#846599\"}]",
                "[{\"text\":\"Right click\",\"italic\":false,\"color\":\"yellow\"}]"
            ]
        }
    }
}