{
    "type": "minecraft:crafting_shaped",
    "category": "misc",
    "group": "gems",
    "pattern": [
        "qeq",
        "ege",
        "qeq"
    ],
    "key": {
        "e": {
            "item": "minecraft:ink_sac"
        },
        "g": {
            "item": "minecraft:ender_pearl"
        },
        "q": {
            "item": "minecraft:quartz"
        }
    },
    "result": {
        "id": "minecraft:stone_pickaxe",
        "count": 1,
        "components": {
            "minecraft:custom_data": "{gems:{type:\"Shadow\",id:6,sound:entity.player.teleport, pitch:0}}",
            "minecraft:custom_model_data": 930026,
            "minecraft:food": {
                "nutrition": 0,
                "saturation": 0,
                "can_always_eat": true,
                "eat_seconds": 930020
            },
            "!minecraft:tool": {},
            "!minecraft:attribute_modifiers": {},
            "minecraft:damage": 0,
            "minecraft:max_damage": 10,
            "minecraft:custom_name": "[{\"text\":\"Shadow Gem\",\"italic\":false,\"color\":\"#a596b0\"},{\"text\":\" \",\"italic\":false},{\"text\":\"(100s)\",\"italic\":false,\"color\":\"gray\"}]",
            "minecraft:lore": [
                "[{\"text\":\"When active:\",\"italic\":false,\"color\":\"blue\"}]",
                "[{\"text\":\" \",\"italic\":false},{\"text\":\"\u2022 Invisibility I\",\"italic\":false,\"color\":\"#a596b0\"}]",
                "[{\"text\":\" \",\"italic\":false},{\"text\":\"\u2022 Slowness II\",\"italic\":false,\"color\":\"#b85656\"}]",
                "[{\"text\":\"Right click\",\"italic\":false,\"color\":\"yellow\"}]"
            ]
        }
    }
}