{
    "type": "minecraft:crafting_shaped",
    "category": "misc",
    "group": "gems",
    "pattern": [
        "qeq",
        "ege",
        "qeq"
    ],
    "key": {
        "e": {
            "item": "minecraft:iron_ingot"
        },
        "g": {
            "item": "minecraft:blaze_rod"
        },
        "q": {
            "item": "minecraft:quartz"
        }
    },
    "result": {
        "id": "minecraft:stone_pickaxe",
        "count": 1,
        "components": {
            "minecraft:custom_data": "{gems:{type:\"Strength\",id:2,sound:entity.iron_golem.hurt, pitch:1}}",
            "minecraft:custom_model_data": 930022,
            "minecraft:food": {
                "nutrition": 0,
                "saturation": 0,
                "can_always_eat": true,
                "eat_seconds": 930020
            },
            "!minecraft:tool": {},
            "!minecraft:attribute_modifiers": {},
            "minecraft:damage": 0,
            "minecraft:max_damage": 10,
            "minecraft:custom_name": "[{\"text\":\"Strength Gem\",\"italic\":false,\"color\":\"#ab022f\"},{\"text\":\" \",\"italic\":false},{\"text\":\"(80s)\",\"italic\":false,\"color\":\"gray\"}]",
            "minecraft:lore": [
                "[{\"text\":\"When active:\",\"italic\":false,\"color\":\"blue\"}]",
                "[{\"text\":\" \",\"italic\":false},{\"text\":\"\u2022 Strength II\",\"italic\":false,\"color\":\"#ab022f\"}]",
                "[{\"text\":\" \",\"italic\":false,\"color\":\"#b85656\"},{\"text\":\"\u2022 No side effect\",\"italic\":false,\"color\":\"#846599\"}]",
                "[{\"text\":\"Right click\",\"italic\":false,\"color\":\"yellow\"}]"
            ]
        }
    }
}