{
    "type": "minecraft:crafting_shaped",
    "category": "misc",
    "group": "gems",
    "pattern": [
        "qeq",
        "ege",
        "qeq"
    ],
    "key": {
        "e": {
            "item": "minecraft:blaze_powder"
        },
        "g": {
            "item": "minecraft:tnt"
        },
        "q": {
            "item": "minecraft:quartz"
        }
    },
    "result": {
        "id": "minecraft:stone_pickaxe",
        "count": 1,
        "components": {
            "minecraft:custom_data": "{gems:{type:\"Unstable Power\",id:5,sound:item.trident.thunder, pitch:1}}",
            "minecraft:custom_model_data": 930025,
            "minecraft:food": {
                "nutrition": 0,
                "saturation": 0,
                "can_always_eat": true,
                "eat_seconds": 930020
            },
            "!minecraft:tool": {},
            "!minecraft:attribute_modifiers": {},
            "minecraft:damage": 0,
            "minecraft:max_damage": 10,
            "minecraft:custom_name": "[{\"text\":\"Unstable Power Gem\",\"italic\":false,\"color\":\"#633578\"},{\"text\":\" \",\"italic\":false},{\"text\":\"(80s)\",\"italic\":false,\"color\":\"gray\"}]",
            "minecraft:lore": [
                "[{\"text\":\"When active:\",\"italic\":false,\"color\":\"blue\"}]",
                "[{\"text\":\" \",\"italic\":false},{\"text\":\"\u2022 Strength IV\",\"italic\":false,\"color\":\"#633578\"}]",
                "[{\"text\":\" \",\"italic\":false},{\"text\":\"\u2022 20% chance - explosion\",\"italic\":false,\"color\":\"#b85656\"}]",
                "[{\"text\":\"Right click\",\"italic\":false,\"color\":\"yellow\"}]"
            ]
        }
    }
}