{
    "pools": [
      {
        "rolls": 1,
        "entries": [
          {
            "type": "minecraft:item",
            "name": "minecraft:diamond_boots",
            "functions": [
              {
                "function": "minecraft:set_name",
                "entity": "this",
                "target": "item_name",
                "name": {
                  "translate": "item.dunerider_boots.name",
                  "fallback": "Dunerider Boots"
                }
              },
              {
                "function": "minecraft:set_lore",
                "entity": "this",
                "lore": [
                  {
                    "text": " "
                  },
                  {
                    "translate": "item.modifiers.feet",
                    "color": "gray",
                    "italic": false
                  },
                  {
                    "translate": "item.dunerider_boots.lore",
                    "color": "dark_green",
                    "italic": false
                  }
                ],
                "mode": "replace_all"
              },
              {
                "function": "minecraft:set_custom_data",
                "tag": "{dunerider_boots:1}"
              },
              {
                "function": "minecraft:set_custom_model_data",
                "value": 2385708
              },
              {
                "function": "minecraft:set_components",
                "components": {
                  "minecraft:max_damage": 461,
                  "minecraft:rarity": "epic",
                  "minecraft:trim": {
                    "material": "minecraft:quartz",
                    "pattern": "desertscourge:dunerider_boots",
                    "show_in_tooltip": false
                  }
                }
              }
            ]
          }
        ]
      }
    ]
  }
  