  {
	"type": "minecraft:entity",
	"pools": [
	  {
		"rolls": 1,
		"bonus_rolls": 0,
		"entries": [
		  {
			"type": "minecraft:item",
			"name": "minecraft:ominous_bottle",
			"functions": [
			  {
				"function": "minecraft:set_count",
				"count": 1,
				"add": false
			  },
			  {
				"function": "minecraft:set_ominous_bottle_amplifier",
				"amplifier": {
				  "min": 0,
				  "max": 4
				}
			  }
			]
		  }
		],
		"conditions": [
		  {
			"condition": "minecraft:entity_properties",
			"entity": "this",
			"predicate": {
			  "type_specific": {
				"type": "minecraft:raider",
				"is_captain": true
			  }
			}
		  }
		]
	  },
	  {
		"rolls": 1,
		"entries": [
		  {
			"type": "item",
			"weight": 1,
			"name": "minecraft:arrow",
			"functions": [
			  {
				"function": "set_count",
				"count": {
				  "min": 0,
				  "max": 2
				}
			  },
			  {
				  "function": "minecraft:enchanted_count_increase",
				  "enchantment": "looting",
				  "count": {
					  "min": 0,
					  "max": 1
				  }
			  }
			]
		  }
		]
	  }
	]
  }
  