{
    "criteria": {
        "requirement": {
            "trigger": "minecraft:placed_block",
            "conditions": {
                "location": [
                    {
                        "condition": "minecraft:location_check",
                        "predicate": {
                            "block": {
                                "blocks": "#pk_sh_bo:shulker_boxes"
                            }
                        }
                    }
                ]
            }
        }
    },
    "rewards": {
        "function": "pk_sh_bo:events/player/placed_block/shulker_box/_run"
    }
}
