{
    "criteria": {
        "requirement": {
            "trigger": "minecraft:using_item",
            "conditions": {
                "item": {
                    "items": "minecraft:stone_pickaxe",
                    "components": {
                        "minecraft:food": {
                            "nutrition": 0,
                            "saturation": 0,
                            "can_always_eat": true,
                            "eat_seconds": 930020
                        }
                    }
                }
            }
        }
    },
    "rewards": {
        "function": "gems:used"
    }
}