{
  "parent": "minecraft:recipes/root",
  "criteria": {
    "has_netherite_upgrade_smithing_template": {
      "trigger": "minecraft:inventory_changed",
      "conditions": {
        "items": [
          {
            "items": [
              "minecraft:netherite_upgrade_smithing_template"
            ]
          }
        ]
      }
    },
    "has_diamond": {
      "trigger": "minecraft:inventory_changed",
      "conditions": {
        "items": [
          {
            "items": [
              "minecraft:diamond"
            ]
          }
        ]
      }
    },
    "has_netherrack": {
      "trigger": "minecraft:inventory_changed",
      "conditions": {
        "items": [
          {
            "items": [
              "minecraft:netherrack"
            ]
          }
        ]
      }
    },
    "has_netherite_scrap": {
      "trigger": "minecraft:inventory_changed",
      "conditions": {
        "items": [
          {
            "items": [
              "minecraft:netherite_scrap"
            ]
          }
        ]
      }
    }
  },
  "requirements": [
    [
      "has_netherite_upgrade_smithing_template"
    ],
    [
      "has_diamond",
      "has_netherrack",
      "has_netherite_scrap"
    ]
  ],
  "rewards": {
    "recipes": [
      "dlljs_smithing:netherite_upgrade_smithing_template"
    ]
  }
}
